payment_id,sub_id,amount,payment_date
501,1,9.99,2025-01-06
502,2,19.99,2025-01-07
503,3,29.99,2025-01-08
504,4,19.99,2025-01-09
505,5,9.99,2025-01-10
506,6,29.99,2025-01-11
507,7,9.99,2025-01-12
508,8,19.99,2025-01-13
509,9,29.99,2025-01-14
510,10,19.99,2025-01-15
511,11,9.99,2025-01-16
512,12,29.99,2025-01-17
513,13,9.99,2025-01-18
514,14,19.99,2025-01-19
515,15,29.99,2025-01-20
516,16,19.99,2025-01-21
517,17,9.99,2025-01-22
518,18,29.99,2025-01-23
519,19,9.99,2025-01-24
520,20,19.99,2025-01-25
521,21,29.99,2025-01-26
522,22,19.99,2025-01-27
523,23,9.99,2025-01-28
524,24,29.99,2025-01-29
525,25,9.99,2025-01-30
526,26,19.99,2025-01-31
527,27,29.99,2025-02-01
528,28,19.99,2025-02-02
529,29,9.99,2025-02-03
530,30,29.99,2025-02-04
531,31,9.99,2025-02-05
532,32,19.99,2025-02-06
533,33,29.99,2025-02-07
534,34,19.99,2025-02-08
535,35,9.99,2025-02-09
536,36,29.99,2025-02-10
537,37,9.99,2025-02-11
538,38,19.99,2025-02-12
539,39,29.99,2025-02-13
540,40,19.99,2025-02-14
541,41,9.99,2025-02-15
542,42,29.99,2025-02-16
543,43,9.99,2025-02-17
544,44,19.99,2025-02-18
545,45,29.99,2025-02-19
546,46,19.99,2025-02-20
547,47,9.99,2025-02-21
548,48,29.99,2025-02-22
549,49,9.99,2025-02-23
550,50,19.99,2025-02-24
551,51,29.99,2025-02-25
552,52,19.99,2025-02-26
553,53,9.99,2025-02-27
554,54,29.99,2025-02-28
555,55,9.99,2025-03-01
556,56,19.99,2025-03-02
557,57,29.99,2025-03-03
558,58,19.99,2025-03-04
559,59,9.99,2025-03-05
560,60,29.99,2025-03-06
561,61,9.99,2025-03-07
562,62,19.99,2025-03-08
563,63,29.99,2025-03-09
564,64,19.99,2025-03-10
565,65,9.99,2025-03-11
566,66,29.99,2025-03-12
567,67,9.99,2025-03-13
568,68,19.99,2025-03-14
569,69,29.99,2025-03-15
570,70,19.99,2025-03-16
571,71,9.99,2025-03-17
572,72,29.99,2025-03-18
573,73,9.99,2025-03-19
574,74,19.99,2025-03-20
575,75,29.99,2025-03-21
576,76,19.99,2025-03-22
577,77,9.99,2025-03-23
578,78,29.99,2025-03-24
579,79,9.99,2025-03-25
580,80,19.99,2025-03-26
581,81,29.99,2025-03-27
582,82,19.99,2025-03-28
583,83,9.99,2025-03-29
584,84,29.99,2025-03-30
585,85,9.99,2025-03-31
586,86,19.99,2025-04-01
587,87,29.99,2025-04-02
588,88,19.99,2025-04-03
589,89,9.99,2025-04-04
590,90,29.99,2025-01-05
591,91,9.99,2025-01-06
592,92,19.99,2025-01-07
593,93,29.99,2025-01-08
594,94,19.99,2025-01-09
595,95,9.99,2025-01-10
596,96,29.99,2025-01-11
597,97,9.99,2025-01-12
598,98,19.99,2025-01-13
599,99,29.99,2025-01-14
600,100,19.99,2025-01-15
601,101,9.99,2025-01-16
